ISO,gdppc,gdp_quartile,age_weighted_impact,age_weighted_impact_rate,pop,age0to4_impact,age0to4_impact_rate,pop0to4,age5to64_impact,age5to64_impact_rate,pop5to64,age65plus_impact,age65plus_impact_rate,pop65plus
ABW,32250.98837120314,high,-1.3812163638522688,-1.2644518245646692,109234.39999999998,-76351.08205119787,-1459281.7533249948,5232.1000983689955,-13093.853436905567,-15439.001719156895,84810.23368666744,-48676.70089712346,-253629.28801891854,19192.066214960396
AFG,1496.2624539619844,low,-1698.3489020412112,-3.7398228067818495,45412550.00000001,-84665512.57634632,-1198965.5108947451,7061546.959191801,-47157604.941736594,-126655.05431653901,37233101.510405816,-38011772.68603821,-3400279.1527046473,1117901.5304023765
AGO,4850.331179386437,mid-low,-1099.4206153211467,-2.782707280535737,39509028.6,-6628233.149337807,-101950.64197401982,6501413.8420304265,-51892542.19030265,-162460.47079505815,31941642.133836016,-51421286.19247421,-4823930.923131905,1065962.3243338089
AIA,21843.595428183173,mid-high,-0.21636250791590783,-3.7239689988488767,5809.99755859375,-3256.533426586101,-641995.4557044833,507.25178778915136,-425.9502120352011,-9057.75603126077,4702.601953123175,-17953.767152969478,-2991855.3875941853,600.0880666697759
ALA,40055.438105996654,high,-0.20801949842150336,-1.0246186462595557,20302.138671875,121.88087211069956,6876.16242497575,1772.5129887566522,-4049.8895847764006,-24645.58453317366,16432.51585015212,-16873.941129484625,-804703.145868638,2096.9150196710148
ALB,9027.54323056572,mid-low,-136.12144012577693,-4.901088501292983,2777371.5999999996,-1855481.2716351796,-1128834.17021132,164371.46576523548,-913945.576462357,-43154.11950710078,2117864.03453782,-10842717.164480159,-2189898.5952767455,495124.16638223035
AND,40334.11061955908,high,-5.81155082733608,-9.167848648347425,63390.5625,-3757.4275806269125,-67891.96472541959,5534.421629751548,-62253.48589990933,-121332.40311899607,51308.211408995645,-515144.16925307177,-7868014.333762376,6547.321184235018
ARE,61917.56113094408,high,-40.97495836245167,-0.4142067296966288,9892393.199999997,-661597.6889400326,-153887.13884475493,429923.9649958457,-2387185.588094764,-25913.03562657504,9212296.16821347,-1048712.5592103705,-419196.52166246943,250172.05654554014
ARG,17937.92741871897,mid-high,-227.74020766012518,-0.49206963899589345,46282109.2,-2399182.9267679397,-79804.39507710734,3006329.3186419606,-4546241.626362608,-12107.259320575095,37549717.12414484,-15828596.212881971,-276501.0428889268,5724606.333307927
ARM,10546.326669642207,mid-low,-226.94574733902277,-8.2425029894033,2753359.6,-1137687.5035903319,-649390.5440532496,175193.1120661717,-2905517.903595035,-133527.68860470882,2175966.5983558204,-18651369.326716907,-4637407.216021318,402193.90831756464
ASM,8879.306429364044,mid-low,0.272217038413208,2.3131683377211574,11768.146484375,1729.0675699833112,168289.20670657183,1027.4381844333632,5784.478304983472,60728.68273100433,9525.117366048637,19708.157966354014,1621432.703850316,1215.4780102531713
ATG,17968.255036880197,mid-high,-5.600773698473144,-5.8350996293901956,95984.2,-31885.658495884236,-631776.5148246989,5046.983822235249,-139220.44531284977,-175300.10246178682,79418.34794032596,-388971.26603858045,-3377113.2497226493,11517.862661861438
AUS,40229.56016401347,high,34.36423967140076,0.12839933858511302,26763564.39999999,-4684224.016325885,-318880.00144505536,1468961.3632396453,8181043.199731992,39951.778072770074,20477294.364297505,-60395.21626603033,-1253.809570407708,4816936.932965929
AUT,42818.63485874921,high,-2.723182056344033e+33,-3.006729319577962e+31,9056957.800000004,-1.3898418993423758e+37,-3.365085940692402e+36,413018.24792516325,-3.6913303803910766e+37,-5.46448562388626e+35,6755128.724752427,-2.2150648283706876e+38,-1.1727646621452751e+37,1888754.7518005776
AZE,11974.018467203881,mid-low,-208.25577729571808,-1.975958825288851,10539479.6,-2585929.886887874,-414570.1275653688,623761.7510152437,-3469604.6187940408,-38450.03558628005,9023670.761002062,-14770043.223889891,-1655748.9010339337,892046.0834771942
BDI,666.0281286052187,low,-1632.2427610934005,-11.651492481917607,14008872.799999999,-22076568.10005516,-1041411.4683000876,2119869.8854441354,-77010681.97042137,-667936.6340222951,11529638.898029184,-64137026.03886352,-17847370.100868937,359364.0165266751
BEL,39597.123875240366,high,-561.5141995324525,-4.792320419502486,11716958.599999998,-772629.5791926105,-135985.86698076988,568169.028404893,997868.3401075751,11460.63533916896,8706919.909554796,-56376658.71416021,-2308850.1391288736,2441763.4457397508
BEN,2169.506319584182,low,763.8362017275795,5.209070233130645,14663580.399999999,29163980.67188818,1255592.7859008778,2322726.0461649797,27166550.493860457,228585.2480244823,11884647.294015588,20053089.00700931,4395621.177868517,456206.03313075454
BES,14621.74787717213,mid-high,-0.6144846912892057,-5.46791383976904,11238.009765625,-5323.703642014549,-542596.3021960914,981.1536902237478,-15099.33202581148,-165999.22481120797,9096.02562480882,-41025.43346109454,-3534473.522504171,1160.722613987162
BFA,1556.3762456197046,low,1715.676923661676,6.911641731050605,24823001.400000002,57543991.72859615,1501196.9823860987,3833207.2608574023,69742894.55021292,342688.89543881966,20351664.579298906,44280806.087358534,6939156.070156941,638129.5598436806
BGD,3915.648234644474,low,-9206.859102037952,-5.198763681331917,177097088.20000002,-88238086.91904892,-604062.5305251742,14607442.517968198,-268331452.15758663,-177877.42062040756,150851890.71310464,-564116371.1271596,-4847304.309695616,11637733.781203082
BGR,17286.232723371064,mid-high,-301.13066738400306,-4.543871727206468,6627182.4,-1255266.019356741,-436949.0343479623,287279.73303108755,-1210793.9911775133,-24816.58433451224,4878971.154356931,-27647006.727866054,-1892439.9011132438,1460918.6115555093
BHR,31425.49672238697,high,-7.329991341233664,-0.44474562105454135,1648131.2,-191317.74980225548,-200629.28183147052,95358.83698320927,-50730.4412770332,-3438.637856709027,1475306.3099696438,-490950.94304407766,-633762.6918274581,77466.05304714578
BHS,26571.06764317853,mid-high,-8.393351189953629,-2.010671514136307,417440.2,-99230.03453262411,-430229.9984529907,23064.415519473947,-36480.36827119297,-10350.930457021675,352435.6425991258,-703624.7161915458,-1677929.1529281465,41934.11354488082
BIH,10161.934631009533,mid-low,-196.33998159335908,-6.218783553161232,3157208.8,-1212000.410560391,-807719.3759881596,150052.16497098835,-1427074.7913138268,-59414.936661334024,2401878.839740541,-16994922.957461692,-2807908.655031623,605251.9880590736
BLM,34496.14871996031,high,-0.06016226259338882,-4.8540493939302785,1239.4241943359375,-957.9716986582864,-885289.0098796173,108.21005208102072,-120.98921666778415,-12060.47534942627,1003.1877945303354,-4937.2653440128115,-3856803.015166638,128.01445457798397
BLR,16451.831304127285,mid-high,-264.0696140136696,-2.8217745485466095,9358281.800000003,-1053708.4003552152,-254497.81950769722,414034.35298326635,-1335282.4960482195,-18459.27319019636,7233667.7738611195,-24017970.504963525,-1404148.3119938013,1710500.9705747918
BLZ,8024.448995917478,mid-low,-12.3245427506481,-2.866278051762855,429984.2,-85514.7950348652,-217921.46399619835,39241.10707899659,-438424.54960778693,-119503.76139882632,366870.92061028036,-708514.9304221577,-2967953.319036781,23872.17231071879
BMU,58202.11359600174,high,0.1533285786016851,1.1439444991558259,13403.498046875,-1822.7198117093005,-155759.34858883126,1170.215353507198,7562.125336740488,69704.92204030354,10848.768086087306,9593.452335137323,692975.253684848,1384.38599129259
BOL,5901.623304789105,mid-low,-768.1275179748684,-6.00837235617322,12784286.200000009,-18655942.522992406,-1448830.9719699114,1287654.866849426,-19124104.538216513,-176197.76714393985,10853772.353762923,-39032704.736277916,-6071746.292149873,642857.966360404
BRA,11651.517904645025,mid-low,342.63898072066934,0.15681870438484785,218493694.4000003,8068282.55874841,61982.61648292708,13017008.665600289,37729043.11434077,20745.672475386687,181864642.65790218,-11533427.601022247,-48845.70458290084,23611958.71675417
BRB,14336.394541562768,mid-high,-20.76592258406069,-7.341283857692074,282865.00000000006,-89032.97095857057,-590295.3719391543,15082.783160927069,-367884.238481459,-168960.52123869167,217733.8444415346,-1619675.0489660397,-3236219.2242753273,50048.37239753826
BRN,54024.5873379514,high,-8.548257311049705,-1.837947553214528,465097.99999999994,-666708.3198484954,-2128953.3909629374,31316.247818226755,-77408.38063719215,-19353.778689515362,399965.20513654035,-110709.03061928286,-327381.23875038297,33816.54704523087
BTN,7747.31669806525,mid-low,-18.76914202742157,-2.338229017318582,802707.6,-314779.06311566324,-608528.6631450842,51727.89421105942,-474449.273503202,-67942.30747621103,698311.9813369941,-1087685.8661232917,-2065184.8498139442,52667.72445194351
BWA,12486.185218534558,mid-low,123.83869363332073,4.465702603474412,2773106.5999999996,1814382.8430571966,625418.3757511392,290107.056876621,4241125.920757101,178690.06449945422,2373453.685092858,6328360.599517774,5777065.921685024,109542.81438547184
CA-,16625.21678003638,mid-high,-9.833313845860193,-0.7475200965336842,1315458.125,-131662.37819569258,-114640.22538241216,114848.324622966,-89301.59936473054,-8387.256778922736,1064729.5262158469,-762367.4070255962,-561110.3151358811,135867.65141556485
CAF,780.6584387351959,low,153.44948313806805,2.44043952707364,6287780.599999999,16889800.85986301,1498388.9707271655,1127197.355948664,1277100.8503506375,25555.853919971334,4997292.809506207,-2821953.3964068433,-1728180.4682974406,163290.43454512363
CAN,37686.86210954574,high,-3310.196354168584,-8.53068460937396,38803408.00000001,-149280.7631188187,-8406.311278841835,1775817.6941954212,-36714740.38836143,-126567.80605498911,29007961.449857328,-294155614.2653782,-3668349.678035081,8018745.21468575
CCK,17333.953122040326,mid-high,-0.0006180637146068436,-2.770312660623858,22.31025123596191,-8.78319466264637,-450920.94739278156,1.9478346955116357,-0.7659188787815862,-4241.466522216797,18.057878678747173,-52.25725791925641,-2267791.46194458,2.30432377915591
CHE,51993.74074727851,high,-1142.44622660732,-12.861474272027909,8882700.4,-60984.2920429619,-14512.130007010664,420229.7802838108,-3457801.32225923,-52025.54269412866,6646353.201135296,-110725837.04642981,-6097123.232531371,1816034.1004040893
CHL,17431.532830032993,mid-high,-478.2564106249964,-2.433281538795657,19654791.4,-4565218.386571946,-449554.33911166555,1015498.6815593796,-3963463.165596989,-25031.600418276124,15833838.425701208,-39296959.51033071,-1400971.8582167763,2804978.506873775
CHN,11177.071597495536,mid-low,-20303.690345703235,-1.425469698491952,1424350890.5999987,-140158570.301428,-245921.44556967198,56993228.05164614,-167710852.88875324,-14483.808076936666,1157919602.3441384,-1722499611.3801422,-822444.849161502,209436488.4327822
CIV,3538.358652543394,low,221.80086174314502,0.7290081912433906,30425016.400000013,26740493.006278418,602222.8556851308,4440298.5960831,1114853.885774594,4417.716509368301,25235976.1748046,-5675260.71773851,-757984.5615631546,748730.383905801
CMR,3168.326160850015,low,555.6233107928022,1.831327504505078,30339920.6,33932438.44233266,754527.2319322067,4497178.763904634,16913752.82460901,67640.8382127292,25005238.36120358,4716139.812338541,563124.3441239528,837495.2817348707
COD,799.5069006723505,low,895.3906013383074,0.8055968770475402,111146235.39999998,225504608.032046,1114641.8161634768,20231127.592917506,-35471172.843981415,-40456.98650100649,87676260.42315081,-100494375.05423383,-3102784.0239210534,3238845.316962699
COG,3083.780948935206,low,44.916536947021584,0.6921844919767997,6489099.0,5827539.674255117,657990.4436157818,885657.1901305565,264619.83740217425,4886.839787589229,5414948.083098838,-1600505.8169551326,-849102.9618735987,188493.72677060467
COK,17333.953122040326,mid-high,0.13060794041465307,2.7856422994840964,4688.611328125,2293.0369384694145,560169.1428352804,409.3472423102908,-204.73385465395907,-5394.897040198832,3794.953881944956,10972.49095764985,2265802.0141077978,484.2652133474458
COL,10845.738818431882,mid-low,-2151.8369691019047,-4.077476005716406,52773749.39999997,-20858810.284622516,-583647.8406667854,3573869.177823477,-37508303.56700014,-85438.71794916129,43900826.77658945,-156816583.05856782,-2959368.5227691303,5298988.005448944
COM,2635.50020387755,low,-1.2209929309915886,-0.13605933458148947,897397.4000000008,648877.7066622638,547946.9928086973,118419.79519519037,-190893.94183545117,-25712.889250294844,742405.6471338095,-580083.0579259713,-1586141.6639066206,36571.95767099666
CPV,5971.206258464101,mid-low,-22.15912764630052,-3.6130280953832203,613311.7999999992,-136327.83731782107,-272737.90614277706,49984.92481146133,-682591.4548802143,-129807.4345962674,525849.2758933564,-1396993.4724320166,-3727642.897998585,37476.59072123241
CRI,14616.663972247832,mid-high,-468.8412073097346,-8.867582640284619,5287136.6000000015,-2624199.2026728997,-894399.1244066766,293403.59701422247,-9601108.572967995,-220021.0503421076,4363722.724729914,-34658812.95533256,-5501379.392376567,630002.231864982
CUB,9072.806747588114,mid-low,345.29236849753306,3.0837572379921308,11197132.0,2467861.69387306,448708.63396691834,549992.0231209561,6227851.28704747,70887.42478487927,8785551.606574807,25833523.868832774,1387881.6209093956,1861363.6407913244
CUW,18286.769394288604,mid-high,-14.048253669339044,-7.16040363668287,196193.6,-83489.36171182826,-807658.5734591765,10337.20986260889,-16417.698236648197,-10611.30458233403,154718.9425132589,-1304918.306985428,-4190832.6036789846,31137.447624128108
CXR,17333.953122040326,mid-high,-0.02670263605359643,-2.5870712021867837,1032.156982421875,-304.5738696551246,-337986.41901390225,90.11423315284058,-51.030558348113225,-6108.327239167455,835.4260724752611,-2314.6591773564055,-2171212.13090186,106.60677252180612
CYM,54934.30317578633,high,-0.37622948721861227,-1.542812682732871,24385.947265625,-25686.75512141739,-1206485.144297282,2129.056892480732,-3838.023813510801,-19444.902270447972,19737.943447233283,-8098.169786933042,-321520.1583563114,2518.7129256009453
CYP,28451.28479608835,high,-4.935486926012549,-0.3823401624101762,1290862.8000000003,-94516.23555438175,-153574.30684207546,61544.30223251817,123980.9631533846,12100.70009416965,1024576.7781082435,-523013.420200258,-255457.86305446332,204735.6906327648
CZE,30435.316323260682,high,-4.732203751330937e+35,-4.3723205803114397e+33,10823094.2,-3.645488711023196e+39,-6.768196727987523e+38,538620.3825826377,-6.330986220132427e+39,-7.882119234960002e+37,8032086.335426456,-3.734556258215376e+40,-1.658065454245187e+39,2252357.5584146553
DEU,40417.90711488682,high,-5569.226049023713,-6.670903429575183,83485334.59999995,-3316271.0250440566,-87210.92880366376,3802586.5227394975,-2349966.133378107,-3907.495600135786,60139955.968125604,-551256367.7439492,-2820914.699195815,19541759.55412977
DJI,3806.7598671084684,low,380.009193121512,32.53594176699729,1167967.3999999992,3467401.2062013503,3012977.9528610026,115082.19643322797,14790178.677169496,1482932.5964847144,997360.1438278148,19743339.428780355,35557529.37791071,55525.05973895207
DMA,10554.996760557024,mid-low,-2.2154977186625393,-5.295096432658974,41840.5546875,-12412.063396504174,-339780.8631553369,3652.961288414226,-48616.512605741125,-143556.90911704418,33865.67243942493,-160521.19586400862,-3714461.938072653,4321.51947012006
DNK,39669.699426113046,high,-147.5476730321977,-2.4941197184208135,5915821.6000000015,10631.522500511712,3447.0332535308726,308425.2955674741,-807312.373223433,-18562.910354098036,4349061.423146974,-13958086.45249685,-1109312.3787538137,1258264.7340668074
DOM,12667.94212965161,mid-low,-614.0600861081334,-5.274069728026977,11643002.8,-4673277.164424026,-463835.16104261234,1007529.7340372811,-14602523.41708586,-150622.66448516375,9694771.677953022,-42130208.029303454,-4479340.14265956,940544.9617025309
DZA,9916.718443448268,mid-low,-325.24723346749863,-0.6867487144651471,47360442.999999985,-40840342.65200575,-860938.8908140499,4743698.1982994955,8112958.437235855,20621.96545841049,39341344.32335136,202660.86802002706,6187.394040042999,3275383.250338759
ECU,8395.216261732445,mid-low,-890.6518081977847,-4.790155774150015,18593378.8,-10208781.2315947,-681154.4860626332,1498746.8247630373,-16574811.309999757,-106801.34328272824,15519291.050602555,-62281588.27818401,-3953733.5158354016,1575260.1440824284
EGY,8580.507016734096,mid-low,589.2248392933732,0.49968475248913563,117919315.39999999,-15384411.497484116,-120372.21266217786,12780700.094514463,34163027.152184956,34458.284442985765,99143145.7033523,40143868.27463648,669571.4032909981,5995457.40414332
ERI,1364.1960099938435,low,592.3990835530832,15.085568552201392,3926925.800000001,13699918.313515218,2656720.5754947267,515670.27559772856,22980412.08065398,706970.215735513,3250548.830652755,22559577.961139113,14037733.858367769,160706.6937495153
ESH,2462.2145172142295,low,-32.79006598246659,-5.415282458263535,605509.7999999995,-253971.9458644578,-552418.7459415816,45974.53430577742,-943972.8713040596,-181381.71930385474,520434.4048160085,-2081061.7810781416,-5322291.464528324,39100.86087821143
ESP,30639.47803724409,high,-149.1803616681447,-0.3131246889422824,47642478.2,-7017450.117014081,-416664.47036230064,1684196.9057050208,16133060.72855516,45196.9440986067,35695025.51623285,-24033646.77835555,-234191.47118339455,10262391.989303011
EST,26719.11653008347,mid-high,9.152624367673521,0.682772623257976,1340508.4,22857.616735601387,35316.779837574846,64721.68991829292,20171.07353755342,2030.692522976596,993310.080641189,872233.7464941967,308797.16435130214,282461.70858677407
ETH,1470.695058717531,low,-18539.80529576311,-13.83241805940008,134031557.0,-369308941.17403114,-1954831.7084145064,18892109.207373373,-717513699.8913208,-648005.2370134274,110726527.95188028,-767157888.5109593,-17384396.699392542,4412910.621958861
FIN,36368.734976728134,high,84.61538370562616,1.5295302886589377,5532115.6000000015,76956.68432863877,33690.050210870664,228425.55545912308,-73261.06551207133,-1850.3043262883548,3959406.270158296,8457842.751746045,629192.4447360021,1344237.811897885
FJI,9281.934589707498,mid-low,45.031417036371614,4.763029753918046,945436.3999999996,447347.3668028309,525382.0439789562,85147.06049237364,1299559.012276779,162703.6104446228,798727.8270749203,2756235.3245575526,4477205.344119047,61561.512432704396
FLK,61917.14362595417,high,-0.045155950941110544,-2.037631826208649,2216.099609375,19.283869797188512,9966.835188998968,193.48037196876044,-580.2523261463323,-32349.333926743144,1793.7071825353366,-3954.6266377619104,-1727735.1528990504,228.89078983698695
FRA,35222.774129730926,high,-2322.5636891142744,-3.559861866362884,65243084.59999998,-10717518.381294504,-314286.87774739653,3410106.861002499,12040549.976336986,25549.862230201514,47125694.32998473,-233579400.50646994,-1588344.8809012284,14705836.453726394
FRO,37148.289195961086,high,-0.010201086437418544,-0.07163537898365642,14240.291015625,61.91221529852177,4979.776401145787,1243.2729968413144,-30.773089770139762,-266.98691003462847,11526.066864532222,-1051.2477692702396,-71473.85092342614,1470.8145086466643
FSM,2784.0838249938415,low,0.5192044021628226,0.0771346678116169,673114.2,221551.47724885007,339485.73224684765,65260.90972440486,26691.904188726156,4828.0204628028105,552853.9987428037,-196322.941221294,-357007.7148138308,54991.232142888206
GAB,12005.353195687514,mid-low,-55.672160027575615,-2.1750791479136935,2559546.4,-840534.3265989191,-274445.9839995938,306265.85033219616,-2293794.806226016,-106671.65933290022,2150331.981869295,-2432886.8699326254,-2363276.304059544,102945.51110056437
GBR,34472.20343001219,high,-2484.306593036377,-3.652485136523516,68016884.39999986,-4123420.108800587,-122376.93599693893,3369442.187132163,2057874.1648881282,4031.0965507973847,51049984.51304927,-246365113.35972524,-1812027.114885435,13596105.231311709
GEO,10573.135235956372,mid-low,-230.32440993919465,-6.413743290974662,3591107.4000000004,-1502394.7224320616,-671400.3421847699,223770.32420674598,-2612101.581147648,-92890.31723831587,2812027.839722131,-18917944.69033976,-3406777.00352634,555303.2872641173
GGY,36887.52675219698,high,-0.6350293710550451,-1.8148670996211858,34990.40625,-5851.652862556253,-191549.90163503907,3054.8973466483085,5111.800645674444,18049.395181764805,28321.174167868325,-62763.0848886227,-1736665.8173355402,3613.998977933259
GHA,4049.606117392218,low,496.95713303759044,1.380865968333513,35988803.00000001,24445284.84192643,540961.4449098215,4518858.981900544,15448702.380350608,51327.08746644155,30098536.93812494,9801726.081482006,714720.925217346,1371406.0601347736
GIB,57014.6321086448,high,0.07376773313574436,0.8237770797797737,8954.8173828125,-1405.1246393934298,-179725.822280435,781.8156687584631,4468.452216209807,61650.71454118281,7248.013667748931,4313.445736758062,466367.8080427881,924.9021185360876
GIN,2252.5970617549406,low,-285.2596201288111,-1.9089869365640972,14942984.400000006,8346284.201533027,376396.03717473,2217420.8485777783,-15658182.60746458,-128075.03303115943,12225788.459219132,-21214063.606949557,-4244730.743570455,499774.0702182996
GLP,21008.43660816424,mid-high,-35.224792788380554,-8.842363463661515,398364.0,-206593.99060952128,-785050.7290924297,26316.00518967195,-30844.94623033059,-10732.98360787186,287384.6393253417,-3285040.3419982037,-3883244.7070701453,84595.24417859109
GMB,1904.884427906059,low,35.887563094624525,1.234407813249398,2907269.6,2809494.3200363163,705869.8233572259,398018.76026856166,854165.076810071,35084.81245661425,2434572.161006499,-74903.08738393485,-100300.49896815237,74678.67872493659
GNB,1480.326918390823,low,37.87635931943569,1.6765216480391263,2259222.8,2859580.7313598273,933334.2817444727,306383.3384556553,960300.4493446912,50882.76927185782,1887280.2386481212,-32245.24876094924,-49184.916075030174,65559.22289622299
GNQ,15751.544468720158,mid-high,-49.200868017543904,-2.681790171147734,1834627.8,-1150393.7316707566,-473616.4936646044,242895.62273678285,-1984199.4748334172,-129503.95607977964,1532153.561093586,-1785493.5952502163,-2996921.396941921,59577.59176040273
GRC,22282.874313385437,mid-high,-169.2587807933753,-1.638029595819289,10333072.2,-1856698.6949407724,-477674.2671219612,388695.5657309282,883876.962680943,11769.76941914776,7509721.993729116,-15953056.347077701,-655297.8222566078,2434474.18948245
GRD,10119.25641466602,mid-low,-4.517152601915258,-3.5668958725177933,126641.0,-14983.812190952423,-157694.6817046287,9501.786635403452,-105848.07316340508,-102372.39939617175,103395.12777636752,-330883.37483716826,-2407460.0868365346,13744.085588224962
GRL,34763.43222705581,high,-0.8550354729304342,-4.246266798468093,20136.16933441162,8333.507789839381,474027.30043052416,1758.0227514893484,-7629.6936079812485,-46813.161639252496,16298.180556093454,-86207.36147490155,-4145037.439713249,2079.772806126097
GTM,6908.473445595478,mid-low,-1267.7464103851241,-6.717885121561206,18871213.0,-17465880.364427492,-882742.4455989607,1978593.014475077,-38654833.66762487,-242460.70307383814,15942721.09977882,-70653927.00646007,-7439215.825024563,949749.660021818
GUF,15568.306699807054,mid-high,-17.557246123120418,-5.343871214150106,328549.1999999992,-297718.8779119371,-781945.7562894549,38074.1087878901,-590916.517540527,-219906.6156591352,268712.47859885823,-867089.2168595777,-3984306.628385537,21762.612613249774
GUM,30426.08302180391,high,-3.9272954431733678,-2.256034275798753,174079.60000000006,-44730.09816113589,-314725.7475291982,14212.405089922337,-17226.719126141354,-12536.328446631334,137414.38890563196,-330772.72703005956,-1473652.7966518027,22445.77065789094
GUY,13755.104957580408,mid-high,20.99426226119597,2.5909604404251905,810288.7999999992,232882.18278281897,300944.8966876176,77383.66237343175,459983.0762573937,67954.23848656069,676901.2301541199,1406560.9670793843,2511945.5564298523,55994.882670884166
HKG,40083.69448416647,high,-72.8499508580497,-0.9663601495521891,7538592.200000003,-1000872.869084514,-412449.07188752096,242665.80707871303,-76580.54329506637,-1374.908219063062,5569865.845100014,-6207541.6734253885,-359802.98843289004,1725261.288257257
HND,4001.146058711295,low,-741.107924367663,-6.749772202111017,10979747.200000003,-4129608.5235026777,-388171.8115212308,1063861.001992622,-27215761.01053487,-289287.83740048663,9407848.340633035,-42765422.90272876,-8417779.825785514,508036.8432983819
HRV,22124.989421492897,mid-high,-50.84210252710213,-1.2858743871825713,3953893.3999999994,-757181.2381623371,-433729.67294727446,174574.46086571587,1080397.7187460703,37707.49376212403,2865206.915001323,-5407426.733293946,-591564.4630974199,914089.1771930933
HTI,2227.8971950406894,low,161.34589810517625,1.3258612470872113,12169139.000000004,14118812.618456934,1106442.9724925614,1276054.2539892949,4738026.854024514,45931.870181699735,10315336.247537004,-2722249.6619638205,-471182.47285029595,577748.4984736971
HUN,24135.07165136439,mid-high,-6.464820312678024e+35,-6.764705667875952e+33,9556691.200000001,-3.028900813100159e+39,-6.722007370229017e+38,450594.6879074851,-8.629869962292016e+39,-1.2157189015056551e+38,7098573.487344823,-5.298943235138806e+40,-2.6396110635584497e+39,2007471.217367653
IDN,8003.410047118672,mid-low,2861.8093386732903,1.012418585800915,282670565.19999975,66810491.6143768,307362.62540933926,21736699.940469325,100756897.21153791,41975.938109917995,240034890.81696367,118613545.04141429,567558.8793462563,20898896.900007896
IMN,79376.23661081128,high,-0.8630667181020917,-2.5083941949973987,34407.140625,418.49969206699745,13931.533508002758,3003.974342283257,-7434.083603363901,-26694.180232052713,27849.07998200115,-79291.08789891227,-2231191.0208533793,3553.756140009261
IND,4626.917903568374,mid-low,-72736.00977725195,-4.993106018928228,1456728727.5999951,-638919340.777804,-578547.9103672035,110434992.38849255,-1855851010.5168517,-149852.62607146805,1238450776.0523028,-4778830626.43054,-4431468.837418272,107838524.91704844
IRL,66154.59302795872,high,-181.65534977416195,-3.52503150360049,5153297.2,-75338.97102374831,-27385.477533906706,275105.558887805,84720.10587695424,2092.2784306583217,4049179.3365330263,-18174916.112269398,-2192474.842127038,828968.0576054833
IRN,11434.008011956663,mid-low,-820.0117821644997,-0.8974012030349361,91376274.00000001,-2610056.0999705377,-44314.41956409931,5889857.354884632,-25741078.39655966,-33103.21760425127,77760049.50423267,-53650043.71991977,-694378.1424349399,7726343.967537334
IRQ,8646.433518904367,mid-low,3950.735560426558,8.224437648497744,48036543.4,61146177.81504848,1029897.8449808051,5937110.958435698,160084941.55718037,395728.92394203926,40453181.931333214,173842436.67042696,10559914.868948463,1646248.4672259283
ISL,43567.53115287687,high,7.645683866810591,2.0191731312660974,378654.2,-388.6235682656923,-1745.6855302311599,22261.94589664907,155991.485206938,53110.85033420875,293709.2594551508,608965.5250423864,971531.5419740744,62680.98345062653
ISR,29699.379253680072,high,8.171748681533302,0.08595705555183737,9506780.600000003,-1263093.5673787682,-145582.493470817,867613.6376465923,781884.9817731925,10500.191210405765,7446388.033375421,1298383.4537589054,108871.61721096557,1192582.1320748525
ITA,33154.59948904394,high,-254.16523538639558,-0.4323965116459604,58780593.39999999,-6896768.182826902,-345515.8459195975,1996078.6934304019,20339487.888619278,48355.95189569591,42062015.30783983,-38859243.24443194,-263960.61346145463,14721606.657466887
JAM,6730.6162869141035,mid-low,-37.73705611636804,-1.329262906598718,2838946.0,275255.8051049396,166033.084525331,165783.70864569762,-1094547.2403089674,-44912.43838894272,2437069.2831909144,-2954414.1764327763,-1251377.2429839275,236093.00816338425
JEY,46801.327328558174,high,-0.984496414406781,-1.6636686835378565,59176.23046875,-6392.734730770835,-123734.7684654535,5166.482153765595,12654.040379716116,26419.19916495681,47897.13836784576,-104710.94708962338,-1713190.865049175,6112.042109599842
JOR,6456.650413576228,mid-low,107.39840700089019,0.8870390033769942,12107518.000000002,910609.8614381202,75458.99970470523,1206761.108683686,4628551.158058442,44600.0276204181,10377910.967793819,5200679.680592454,994690.7301404593,522843.88735160645
JPN,31386.10311344169,high,-1277.7886884406096,-1.0486762348164955,121847777.79999998,-12989796.78453529,-309384.28666466195,4198596.161612688,25818733.06392899,32044.700242552768,80570992.60876781,-140607805.1234547,-379348.69740130904,37065582.69124809
KAZ,19945.51649805041,mid-high,-641.2509475723501,-3.212734727424926,19959660.599999994,-8807046.588829925,-433140.4934952958,2033300.2157706541,-12116831.679803085,-74787.57321447151,16201664.473127278,-43201216.488602005,-2504870.1659117667,1724688.8512034663
KEN,3040.760394374119,low,-2232.472393365374,-3.85188058255319,57957985.599999994,-25064253.49647184,-338900.06705290946,7395765.2810256835,-96812843.35902876,-198079.61031251698,48875723.85985807,-101370142.48103678,-6011973.707107905,1686137.4886118968
KGZ,4182.495086598719,low,-330.0673654883838,-4.72028772731389,6992526.4,-10049968.293241499,-1279838.5794788143,785252.8009691758,-7591121.1832866445,-129847.1924529042,5846195.855208773,-15365647.072310235,-4255495.4812953165,361077.74382204574
KHM,3620.9204889652015,low,1199.1383767324476,6.860079692527051,17479948.2,21675649.403412666,1379438.2547462154,1571338.8641233877,38219234.74321628,258984.57621559955,14757340.109474136,60018953.52661582,5213294.813921416,1151267.2056516567
KIR,1620.3552925169588,low,3.1498736919519157,2.2825436323551,137998.39999999982,165458.3625235503,1026041.7134154076,16125.890435076508,103185.7516281094,88807.79912658766,116189.96601979432,46343.255043531826,815537.1740752576,5682.5435451278745
KNA,20845.71445258195,mid-high,-0.861124160705995,-4.358041574705722,19759.4296875,-10974.462850235484,-636152.489045087,1725.1308513637953,-1435.5134984047822,-8975.747052360983,15993.248138907662,-73702.43972195922,-3611340.33203125,2040.86109160762
KO-,8297.710945682002,mid-low,-73.47092553454536,-4.497978035279674,1633421.171875,-1335180.6859282982,-936255.1605107923,142608.6330140882,-929897.9152079688,-70335.53959109209,1322088.2652128527,-5082013.95231827,-3012302.8450457375,168708.59982343862
KOR,32062.677727569288,high,713.8338183388724,1.388871629892547,51396673.60000001,-1509602.4060866847,-109615.78868575807,1377176.0657712815,22623795.890479524,56854.13981543182,39792697.53077643,50269188.34949441,491595.86690809415,10225714.196025258
KWT,35291.34294894265,high,-0.2810869601271717,-0.005878728771380955,4781424.2,-107710.55425699356,-41091.878637892325,262121.27025428746,16934.62126084842,400.26171097402664,4230887.141225288,62667.23698342778,21728.088224611955,288415.7885204232
LAO,4795.456500374443,mid-low,-267.6739941495902,-3.4066038659202285,7857502.800000001,-1112789.409441079,-142743.63526730545,779571.9979789224,-9655279.489614435,-144080.71291680846,6701299.080321284,-15999330.515903508,-4248072.433608257,376625.6523623795
LBN,11092.812377551252,mid-low,-4.771844653606182,-0.07954352687153786,5999035.800000008,59533.7991251615,13459.984327478107,442302.142979656,-282609.05386317294,-5705.081624962873,4953637.343707805,-254109.2106226068,-42134.73622850314,603087.2229614387
LBR,1118.9165672104325,low,2.1487144533725733,0.037152910914924675,5783434.999999998,8240453.968641588,1030799.2492817291,799423.7456404452,-2339246.3706461154,-48797.676374682305,4793765.901238253,-5686336.152658215,-2988948.77554919,190245.35312129618
LBY,19288.804370920378,mid-high,-3.5026089634784823,-0.04915627666728879,7125456.199999999,-3421296.7498356584,-551501.5636361667,620360.2991219687,2889493.486602618,47155.30988398849,6127610.005556852,181542.36688519223,48092.876851555564,377482.8597705738
LCA,12757.04419597979,mid-high,-6.572012299913009,-3.626798247260321,181207.0,-31685.146212489446,-306186.14414158993,10348.327910565822,-179408.4064829974,-117621.2672509399,152530.58454151603,-446107.67729581404,-2434011.056142695,18328.08754791707
LIE,106323.5739402544,high,-2.825171394350064,-6.608512575958483,42750.48828125,4956.6874500749045,132801.45059905798,3732.404599283846,-20769.317112361605,-60023.16168125936,34602.171112966,-266704.5097727197,-6040184.983552672,4415.502348006756
LKA,8770.086479372396,mid-low,-1262.0098192174328,-5.658111426130114,22304435.599999998,-1316847.2411833464,-88935.51760551262,1480676.4233660032,-24633085.82146514,-136445.7674149976,18053389.48077737,-100251048.85909478,-3618740.911447534,2770329.551418295
LSO,2022.2482375803838,low,-102.50161645555043,-4.3284492215692065,2368091.0,-1090108.9766307713,-396879.6842344783,274669.88609745266,-3672131.089175731,-184364.95636286703,1991772.8193140156,-5487921.579748541,-5399038.391087594,101646.27813737479
LTU,26251.63906564686,mid-high,-72.77757509526643,-2.698446428205232,2697017.5999999987,-131579.29281278723,-108836.66973651668,120896.10342849363,-233783.6279040297,-11722.030716096231,1994395.28496549,-6912394.588809824,-1188397.1753098646,581656.935275656
LUX,79525.69094531062,high,-60.58479679672724,-9.185195570461504,659591.7999999992,24084.629814628384,75374.42726840942,31953.317175947053,-206222.43223684496,-39732.19748221192,519031.0259813106,-5876341.8772505075,-5410975.741405114,108600.410685348
LVA,16555.71320979662,mid-high,-15.813078697543157,-0.8707092028292021,1816114.7999999998,-125995.42026470425,-152240.88363396196,82760.56815831378,25344.366851149465,1906.0190906068112,1329701.6266023172,-1480656.816340761,-366839.7983028528,403624.9128886424
MAC,16203.467774555455,mid-high,-10.370148517890291,-1.4736051564770472,703726.4,-28163.835871776297,-107825.56358505698,26119.81327559635,-167803.5747721964,-29488.74686570729,569042.7454797565,-841047.4411450564,-774796.5298446954,108550.74961598509
MAF,37622.55429540079,high,-0.20143501726662247,-1.0760940780135115,18719.08984375,-13968.425985971699,-854702.7587890625,1634.3021994877,-2173.1633584430333,-14343.177571016206,15151.19887265724,-4001.9123822475126,-206987.35106225108,1933.409148776412
MAR,5970.755653324917,mid-low,-995.6298084821474,-2.5701978825893734,38737476.79999991,-35769809.468699254,-1109324.7998770576,3224466.763265681,-13005631.631287793,-40323.56267942367,32253180.937120702,-50787539.748227686,-1557984.559192075,3259823.0482184375
MCO,35785.40695838633,high,0.013859820905380694,0.8109109267037459,1709.1668701171875,-679.9417355975256,-455658.6267901403,149.22174093077842,1017.1574720413724,73526.0876735636,1383.3967020757082,1048.7663540942224,594094.100185469,176.53202645284816
MDA,7372.397147409333,mid-low,-75.35196465217233,-2.487772911714272,3028892.400000001,-642850.416751205,-354877.5558252486,181147.10445868887,-515688.72376498475,-21441.270210193965,2405122.0786341634,-6376657.324701044,-1440683.6222666022,442613.30011295335
MDG,1188.5967244055994,low,-1473.0904794602736,-4.59179481224601,32080929.999999996,3182152.018355623,72542.77797860377,4386586.931223102,-63647060.802924566,-239629.05870906464,26560660.52498204,-86844139.16145842,-7660364.712248712,1133681.520706149
MDV,13904.113697000988,mid-high,-17.8937146994487,-3.226092334608965,554656.0,-162463.61799467288,-453314.7673980863,35839.03055423796,-609309.6229260876,-124834.21377107209,488095.05384755606,-1017598.2290241097,-3312505.899691114,30719.8918232568
MEX,14023.398161459909,mid-high,-5502.807627247308,-4.186168329629625,131452134.60000004,-80647071.54586229,-795450.1170574744,10138545.436914584,-92584560.07615052,-84391.46874457753,109708435.52488762,-377049131.102718,-3249097.7699352,11604733.30755565
MHL,4032.4001826857743,low,-0.052791195736017975,-4.410700013773286,1196.8892822265625,-57.84709679466209,-55357.94414725958,104.4964687286454,-1104.750526454137,-114037.57386347826,968.7601103972144,-4116.521950352999,-3329947.733411602,123.62121810649366
MKD,13016.681271499043,mid-high,-106.36056817651098,-5.072463840122238,2096822.6000000003,-714918.645263138,-650598.9386678337,109886.22986797447,-965746.9657812233,-58219.342805941,1658807.7419566363,-8955391.206606736,-2729248.550871294,328126.6267869882
MLI,1604.2025028270984,low,2192.248680801541,8.72505784471683,25125892.799999997,82042437.99292299,1859066.9408828968,4413097.570007882,87018008.50681965,432207.3845234301,20133392.353480805,50164421.58041144,8657951.766214976,579402.8765113112
MLT,35331.898389912094,high,5.071814521884033,0.9788230152796232,518154.39999999927,-114421.93399172169,-544015.9926227495,21032.82542119458,188122.66129497008,48569.510029811485,387326.6606550123,433480.72488515475,394870.7056980506,109777.8889722522
MMR,3805.7071302236363,low,-394.1170403996277,-0.7137271810851668,55219564.39999992,4837478.50182892,112467.45378140423,4301225.2337740455,-8692436.991810659,-18555.399654800658,46845862.4094456,-35556745.54998103,-873099.0119081944,4072475.751893279
MNE,14422.259536795362,mid-high,-31.98837594196037,-4.942990616642799,647146.1999999986,-258893.37608550128,-694812.6251339316,37260.89116984556,-224253.8299201033,-44931.6084517962,499100.38310933975,-2715690.3881904325,-2451472.1538912873,110777.941486292
MNG,9094.537317940194,mid-low,-185.37868416466728,-5.220644751236884,3550877.2000000007,-8455806.592436671,-2367799.753576893,357116.6260855882,-4663905.061807822,-155004.56957151688,3008882.3024381637,-5418156.762222232,-2930693.8318803324,184876.2468219324
MNP,20352.736713533526,mid-high,-0.3737496904374677,-1.9883109899677645,18797.345703125,-3777.322972274377,-230165.35581326956,1641.1344613213098,-9980.20566061166,-65596.50372056401,15214.539029589989,-23617.440410860734,-1216458.392610737,1941.4918384650616
MOZ,953.6006895565448,low,4084.6098142270653,11.362012429785494,35949703.799999975,138437023.35540992,2502986.711283609,5530873.285556324,164612436.41262227,558377.2089803977,29480507.758045174,105411521.65467435,11234048.85859566,938321.7304954074
MRT,3820.49753540738,low,494.7532197875118,9.642764171185144,5130823.600000001,10651247.996075792,1460386.10430001,729344.6551370147,20617541.131958596,486928.68599791534,4234201.377909139,18206532.850716792,10884092.032665132,167276.54264660468
MSR,20109.83285681532,mid-high,-0.09397391640315425,-4.475664373245625,2099.6640625,-1261.015125607892,-687896.0955376719,183.3147671266051,-170.3238272005951,-10022.205932467594,1699.4644527191354,-7966.052687506938,-3673282.4082468073,216.86469490128297
MTQ,23764.175673852464,mid-high,-37.70819049022747,-10.311275594226359,365698.6,-146085.2387352226,-825642.8094471201,17693.515532830294,-29804.11251074766,-11520.06130592496,258714.87763193503,-3594929.6977767767,-4027109.2601850918,89268.24343503281
MUS,16941.94041703632,mid-high,-85.08231326041343,-6.552040892958012,1298562.0,-466037.5694900047,-712418.1694573635,65416.29473669619,-1020635.2559460807,-97311.63382645353,1048831.6923814998,-7021558.500605257,-3809687.049604237,184308.0129464881
MWI,1059.8431419208287,low,817.5516628150567,3.6686238700356615,22284968.200000007,47025090.08352921,1409907.5107270852,3335331.55371862,26206076.684710715,142450.39092469786,18396633.74357728,8523999.513265742,1541676.8728813347,552904.416172159
MYS,21408.267699248056,mid-high,-1299.891223645233,-3.7094952534441523,35042266.799999915,-15887884.872472007,-678544.4982392974,2341465.432804812,-27652734.835898444,-92816.95874263477,29792761.16186337,-86448502.65615283,-2972852.391605466,2907931.2144881496
MYT,8183.801385515238,mid-low,-5.694381817462713,-1.5424831114199242,369169.8000000001,-7052.416745918665,-11398.668813647022,61870.52945581838,-276716.4333160721,-93603.16240904377,295627.2268952061,-285669.3316842805,-2447466.273050682,11672.043648969411
NAM,7409.072503135678,mid-low,110.57510155783301,4.061391715181095,2722591.4000000004,2252015.98643629,662250.9659070465,340054.7681122421,4293955.062401281,188819.3371553135,2274107.687852587,4511539.106945731,4161176.43413393,108419.79854393561
NCL,19097.254368038284,mid-high,-2.304790055275987,-0.764178562615296,301603.6,-21522.825521348837,-106291.04282341752,20248.95508561803,-14350.932247271909,-5848.518539877499,245377.2207341331,-194605.24775897802,-541121.5744766535,35963.31341015016
NER,1067.443666333677,low,6666.107126891621,22.34079018303282,29838278.2,211662191.12085226,3666965.755268568,5772134.381586286,271109757.54999673,1161577.7024330639,23339786.652423233,183838764.01831317,25309692.342282753,726357.1659904745
NFK,17333.953122040326,mid-high,-0.03337352576355376,-3.083151409520025,1082.448486328125,-543.9174605961224,-575543.4643988515,94.5050190369615,-299.6553387685896,-34202.079504143956,876.1319285638264,-2493.7797769906647,-2230549.2700314987,111.8011518730294
NGA,3398.3727178474924,low,8766.415715610412,3.684264121762934,237942108.0,379908119.1301732,1013537.4195902012,37483383.62127563,302314420.11619544,156392.76702955225,193304604.71939188,194419032.31467256,2717583.446262541,7154114.534442527
NIC,4413.794276268224,mid-low,1.8937027668211837,0.026153664199667432,7240678.60000001,5421947.189247146,784166.4528549202,691428.0978875627,-262451.07706878637,-4276.348039427956,6137271.210130367,-4970125.835496239,-1206401.8585945296,411979.29198206693
NIU,17333.953122040326,mid-high,0.029571905360043536,3.8585098456779003,766.4074096679688,470.03277095956264,702458.7182437673,66.91251154725535,-35.424960255484216,-5710.674500932881,620.3288289272535,2522.582725300275,3186740.368487788,79.15871497549462
NLD,43079.9507978136,high,-804.4791309175415,-4.568191737185353,17610450.2,-556484.2988530719,-65516.55872066144,849379.6220673261,1161896.9980005685,8967.031028244364,12957432.558678832,-81053325.79090165,-2131001.625983141,3803531.8604464964
NOR,53501.800010637584,high,8.337925515357785,0.15076633878988527,5530362.800000001,-62185.7575990961,-23595.72339475314,263546.73073055275,168501.29411370074,4018.6943932908207,4192936.253003273,727477.0150211758,67746.48193448702,1073822.572402607
NPL,2481.61914414464,low,-1728.3058572691436,-5.598094376876078,30873110.400000006,-35684772.00864709,-1185719.4897739636,3009545.876272116,-44238033.848429665,-170826.06923513618,25896535.60870592,-92907779.86983761,-4723256.827230871,1967027.9061303379
NRU,7380.068945620964,mid-low,-0.06857221513836992,-3.4939808699550436,1962.581298828125,-48.45548379450925,-28279.23399049277,171.34652165896557,-1513.9935439827798,-95309.0404178582,1588.5099014165507,-5294.772486059702,-2612044.711206474,202.706043405134
NZL,31724.651940547123,high,-51.985207135292455,-0.9980797075795053,5208522.6000000015,-495056.9723848331,-174519.3870696849,283668.7549144089,608803.4832972931,15215.802554070628,4001126.336477218,-5312267.224441705,-575198.6063485243,923553.5632057663
OMN,31265.703294726467,high,-52.17115497045589,-1.0300697286772253,5064817.800000007,-2452262.7136692554,-564126.9891125656,434700.47719697596,-464322.8975470512,-10401.192555259613,4464131.34917164,-2300529.885829282,-1385986.959962113,165984.95889832676
PAK,3637.8707368429823,low,17547.121648502496,6.916491196327739,253699761.2,71837939.35141616,223317.3733372645,32168540.350384243,774664742.0505869,368523.39642989286,210207750.59473258,908209483.4482465,8020593.906434228,11323469.234861381
PAN,20117.76746160736,mid-high,-287.5823914684295,-6.263224226232754,4591602.999999993,-2782457.8752092347,-716188.8180717994,388508.9804530134,-3406296.1325208293,-90385.39823879278,3768635.4199841,-22569485.13911288,-5196231.928306084,434343.29819204763
PCN,17333.953122040326,mid-high,1.5756321287031518e-05,0.8208682968584456,1.9194700717926023,0.33004964773483664,196947.4182409399,0.1675826221448931,-0.07117813257374432,-4581.450247297102,1.5536157489811655,1.3167606135420595,664180.9912288891,0.1982532820016042
PER,9133.918064900185,mid-low,-4942.668986294123,-14.188291432492637,34836252.199999966,-53797633.84501819,-1884363.8660565075,2854949.344661491,-93445628.74698424,-323744.37838120724,28864015.867775943,-347023636.0374099,-11132390.97751674,3117242.6187533983
PHL,5423.661696126172,mid-low,-1596.539518800774,-1.314860252074052,121422753.19999999,21306569.72874815,177002.41531940055,12037445.75479407,-53832962.880000494,-52668.82186404536,102210303.88520963,-127127558.72882506,-1771825.5572838155,7174947.793602767
PLW,13002.07097710456,mid-high,-0.22753618625227856,-3.6465279485224764,6239.8037109375,-1958.501358182351,-359505.3125830258,544.7767500598607,-5978.74674627955,-118379.62488917744,5050.486307822506,-14816.370520765955,-2298962.3635422946,644.4807777512524
PNG,3002.750648125842,low,-58.5001970053267,-0.539085631697925,10851744.799999995,1866774.8962058336,152970.96753482104,1220345.8775802648,-2771849.9000422363,-29956.372197579145,9252955.871159315,-4944944.696696267,-1306661.9379972953,378441.0146878024
POL,23087.879726726776,mid-high,-9.09235291617044e+35,-2.3404335972919496e+33,38849010.40000001,-6.668227765603604e+39,-3.837225421330776e+38,1737773.2693355856,-1.2619833404363221e+40,-4.317745987047323e+37,29227827.302071687,-7.163546799173757e+40,-9.087150357013685e+38,7883160.85652171
PRI,26914.619586786295,mid-high,-318.54015409175554,-10.352882987315095,3076825.599999999,-945551.6305094652,-1043356.7568678053,90625.9171932758,-268804.6095001033,-12089.987963324265,2223365.402145468,-30639659.169165984,-4019251.000914179,762322.6109092712
PRK,1563.5496803412407,low,-427.5732670791385,-1.6180406367444686,26425372.600000005,-9522687.75346141,-538063.9654402885,1769805.8902103133,-1594583.0536844959,-7493.528108681912,21279469.837939635,-31640055.900767945,-937186.6140181236,3376067.8425733554
PRT,25503.58141831578,mid-high,-250.8879801040563,-2.4670946194705903,10169369.999999998,-2530442.7120978273,-618903.1344641674,408859.2497255049,2210191.3421357796,30201.108676708383,7318245.7167220395,-24768546.640443582,-1014212.6381003945,2442145.336192488
PRY,9644.003404179477,mid-low,112.86435833763248,1.5925927729563816,7086831.000000001,1031529.773014953,150251.51718230697,686535.3457718175,3388266.7123590773,57138.60994555429,5929907.492652792,6866639.348389218,1459963.679877295,470329.4638786039
PSE,7585.156842267279,mid-low,102.71054686218102,1.8091896350064516,5677157.6,1489340.6193259766,202204.08450453565,736553.1823827075,4348112.587529943,92016.11752860394,4725381.492191624,4433601.479362183,2060014.0565175926,215221.90420666774
PYF,22747.0638079117,mid-high,-6.981077655377279,-0.659960092321281,1057802.9999999998,-80177.37106348554,-92869.57254596785,86333.30472561395,-70835.39256186296,-8129.118470584645,871378.5242296817,-547095.0019123793,-546613.161236632,100088.15021479856
QAT,81531.62740117374,high,-11.171042129967965,-0.3512724949852578,3180164.2,-224815.047715689,-164928.08140659603,136310.95796321917,-606788.8522716865,-20456.466539951616,2966244.688869526,-285500.31300942076,-367872.22716823546,77608.55316725382
REU,21169.90176987666,mid-high,-42.414440920742244,-4.205653976732234,1008510.0,-592221.424738709,-761147.7265170977,77806.37110336372,33407.24045094975,4247.689247131349,786480.3310061143,-3682629.907786465,-2554046.9496857887,144188.02709321846
ROU,19752.91384380093,mid-high,-675.5217472026821,-3.5988737949564764,18770365.0,-3352745.264536472,-346847.461972731,966633.9333917523,-1881804.9359795852,-13295.235879782911,14153979.31255291,-62317624.51975216,-1707461.3260081543,3649723.9246667745
RUS,22046.931950298414,mid-high,-7131.280052371748,-4.918926705422386,144976342.9999998,-47858990.38084262,-673328.5180076198,7107821.68004074,-120263290.97902814,-105998.74502906307,113457278.14612709,-545005723.8773041,-2232688.7386551844,24410286.774034493
RWA,1645.1470723166924,low,-2364.274377596198,-15.871945141727055,14895933.400000002,-44608886.95577773,-2206381.4857972893,2021812.0593800228,-92888739.94357578,-750953.3576451668,12369441.989693675,-98929810.86026628,-19603024.38178097,504666.06036674394
SAU,40213.682783036485,high,-211.80959593534033,-0.5327039983185532,39761217.60000001,-12275228.268271655,-380144.9245568137,3229091.7161612893,-3851511.5888493843,-10949.692627725386,35174609.18580571,-5054219.736412997,-372316.96928767796,1357504.5333235285
SDN,4290.896013937631,low,14501.862098319347,28.469152542262503,50938861.19999993,216557371.32620052,2921948.1376359113,7411403.66376977,586015423.4434155,1407156.036352396,41645376.085119456,647613415.0623187,34409537.83149587,1882075.3078221893
SEN,2561.976895996736,low,549.8304887053279,2.9210196922831657,18823238.0,26710458.28600787,988488.0059901621,2702152.997724254,18273762.675049268,117779.70228037631,15515205.354780324,9998827.909475647,1650299.3541388542,605879.6474954179
SGP,67391.91866960668,high,-84.96506175652414,-1.3821455033449985,6147331.199999999,-3622814.8128007697,-1613991.6588278378,224463.0443401325,-990803.3044035807,-20502.97868018057,4832484.683610151,-3882888.0584480646,-356137.81798119633,1090276.8148742565
SHN,8033.271090880417,mid-low,-0.06502630622907438,-6.782051647517457,958.7999267578124,-747.6887971757744,-893192.8643993303,83.70966976752473,-1188.461246367937,-153142.15795666564,776.0509987747683,-4566.480579363724,-4611206.615672391,99.03005785607928
SJM,50727.46673877089,high,0.07639212970001522,5.369497924222995,1422.7052655220032,-590.2718890966784,-475214.32721360406,124.21171991124693,3503.056948977843,304207.5502705873,1151.5351758567251,4726.427910120358,3216466.694259355,146.94471789668873
SLB,2030.74631525529,low,7.5455393488567495,0.9606539859461412,785458.5999999993,496647.09510009876,459333.9928935852,108123.30521663741,206239.8342867692,31754.853993548877,649474.9883865555,51667.005498807,185450.2415118236,27860.306396803968
SLE,1613.4186901245516,low,30.884390818042206,0.3336737317440856,9255865.20000001,11710605.393834101,925846.5588551535,1264853.8012945403,-1946467.219824686,-25300.800579224,7693302.880791237,-6675699.092205195,-2242360.7960484196,297708.5179142173
SLV,6418.983919271406,mid-low,-408.1763069932823,-6.389012836357652,6388722.6,568592.2444055204,113904.38259057213,499183.8167011695,-10193639.987655552,-191021.6483901737,5336379.448906441,-31192582.956078194,-5639518.460281752,553107.2054424981
SMR,33850.28557177597,high,-0.267080475285719,-1.0658669929538702,25057.580078125,-4097.613287959122,-187302.77255469674,2187.6949454992846,11649.582180559297,57439.275380416875,20281.56188149104,-34260.01642117206,-1323760.4431077545,2588.08280603557
SMX,38300.56825992345,high,-0.26039059045415447,-1.096615726884141,23744.92578125,-18007.466651631225,-868628.6832772049,2073.091413892962,-2834.0160911089015,-14745.830087100763,19219.101768899527,-5197.576302675315,-211929.30632946538,2452.5047491993205
SOM,897.2760348978661,low,1666.911442085087,8.484422917605539,19646727.400000002,71927909.78027277,1999982.5877668196,3596426.7999246665,58948267.60715025,379672.44417923206,15526085.316669052,35814966.8210857,6832123.848581415,524214.2504270048
SPM,34516.60781652007,high,-0.007676328005611455,-0.3824190442671973,2007.3079833984375,138.83822545405877,79222.29252609551,175.25146145994955,-19.432436421552097,-1196.0545116487667,1624.7116023804294,-887.0385895936535,-427847.95574113453,207.32565802659764
SRB,13134.655987070062,mid-high,-176.65190174197167,-2.477090027882376,7131428.399999999,-1775804.711746612,-533680.1312874247,332747.01598179137,173197.48865306663,3249.3030141687577,5330296.617392401,-16062582.951103624,-1093914.7396338317,1468357.8499436148
SSD,724.2302021152522,low,3282.0115361777653,29.28527700078562,11207036.000000002,73941799.02685829,5281441.3229328245,1400030.6830219186,141694732.43217498,1498595.4844518257,9455168.7831894,112564622.15874325,31993443.360362127,351836.5337886817
STP,3431.8400948776175,low,-13.245952088948691,-5.479429968837828,241739.6,-114485.00410401111,-360309.6332620173,31774.06140033941,-529636.9062614514,-263901.6087733063,200694.83802064045,-680473.2985294068,-7340041.809456022,9270.700579018056
SUR,11379.881923204257,mid-low,11.730683322813467,1.835508483343922,639097.1999999997,-6031.0001079330395,-10834.57152120995,55664.40810443355,36390.249848268344,6836.279887567607,532310.7076766605,1142709.0825410115,2235564.1915494637,51115.01995158559
SVK,23230.639495283343,mid-high,-6.567930168145192e+35,-1.1954089996954282e+34,5494295.399999999,-4.415561525199692e+39,-1.587218414924778e+39,278194.95311292465,-9.993401622154908e+39,-2.3776227346092763e+38,4203106.521774221,-5.127033853409732e+40,-5.0613479468545015e+39,1012977.9472276851
SVN,29040.253068738562,high,-57.31776842462069,-2.7135810848185553,2112255.6,-193177.10679013852,-206670.24183908323,93471.17662955527,520196.571905887,33520.23837830213,1551888.0445749266,-6058796.307577819,-1297730.2564651424,466876.400345418
SWE,42126.11521789898,high,-169.24272749046963,-1.5949065240998295,10611451.2,13951.69382587081,2520.3252762678335,553567.1906021138,-1304920.647613186,-16668.57139364702,7828629.201603547,-15633303.795259649,-701317.5693253848,2229133.345439744
SWZ,7153.503454184733,mid-low,-22.79568066492,-1.835378557760002,1242015.2,-154485.5090144272,-111566.6096601139,138469.3050053821,-802342.2948961139,-76178.33295834462,1053242.1276990217,-1322740.2625814588,-2629505.370460416,50303.767295590354
SYC,20901.281592998443,mid-high,-5.788043362625311,-5.27226793507299,109782.80000000002,-74436.17189685226,-927371.2602316164,8026.57739018798,-9178.88506667619,-9999.469214794677,91793.7229417698,-495189.27929900266,-4970532.454696356,9962.49966804116
SYR,3353.4861714910044,low,186.59694187707257,0.830746129087316,22461367.599999998,6736107.116923541,315613.54435784346,2134289.6201203982,4841838.548416246,25241.76561042093,19181853.691000592,7081748.52236747,618373.2879812364,1145222.2565251484
TCA,19316.149758892934,mid-high,-0.7458249750339021,-3.7985334288682946,19634.55078125,-10132.743665928247,-591096.5849371519,1714.2280845702412,-1408.2338970251058,-8861.179912791533,15892.171368648696,-63041.51994043687,-3108613.0469453097,2027.96292071105
TCD,1633.1516115934428,low,4308.312361292801,21.717372624810896,19838092.000000004,146291450.1033383,3987546.176164838,3668708.615282776,183050830.28703588,1161002.3827578337,15766619.690496996,101488955.73890598,25198203.63570035,402762.6619983271
TGO,1746.166258842964,low,556.250324354213,5.81790800883193,9561002.4,19474031.049879044,1455180.413503198,1338255.440299482,20757239.187627908,262338.4121864946,7912390.341400605,15393762.197914347,4960023.821060732,310356.6182999157
THA,14162.313549264663,mid-high,-3258.277789700052,-4.521296356709833,72065123.19999999,-10039433.937866757,-304062.35810413846,3301768.09798612,-36359022.804658964,-64309.619443915886,56537456.0121095,-279429322.22747946,-2286988.6470518336,12218220.785122521
TJK,2655.5045708423054,low,-505.3641649615748,-4.768250598239691,10598523.6,-19153306.488141008,-1479855.041647342,1294269.097250226,-14079297.85664545,-158421.05174062366,8887264.477764552,-17303812.151371017,-4149694.504559067,416990.0249852167
TKL,4365.943629967793,mid-low,0.0005446264496231415,1.8320008511323065,29.728504180908203,15.970153375001704,615302.0935900072,2.595497974307732,13.85332332658486,57572.971167517644,24.062199753902625,24.639168260727594,802442.5418937908,3.0705211867977917
TKM,13831.83391585505,mid-high,-124.99832504159379,-1.8382378574835059,6799899.4,-4064078.824114963,-556162.0140766904,730736.4978641921,-2343205.6722402927,-41276.44906769941,5676858.657093039,-6092548.007804123,-1553016.0799406942,392304.2450427675
TLS,2855.1127477262826,low,-2.467227942592059,-0.17436345850526433,1414991.4000000001,209365.46750160333,130733.69549844315,160146.52282517063,-113335.0688892974,-9578.511185428895,1183222.1803082083,-342753.1928715118,-478553.87728530436,71622.69686662033
TON,4873.0885296853485,mid-low,7.786313885286937,7.176656883070143,108494.9999999998,107722.66125186849,936033.8145903511,11508.41556926152,212763.2495085961,236423.27528373868,89992.51416902695,458145.477768229,6550484.3478109315,6994.07026171025
TTO,19420.910873690373,mid-high,-132.04504918879312,-8.637697331115934,1528706.5999999999,-810741.5947320206,-932663.8009409838,86927.52886024381,-3121298.1884127324,-250605.8397304368,1245500.979454487,-9272465.135734558,-4724580.300932012,196260.08121621705
TUN,8906.657602434378,mid-low,-62.86342851057955,-0.4945832283384443,12710384.200000001,-6905486.378754398,-704262.1983785987,980527.7629060155,1699009.5446980188,16215.205193608472,10477878.78359822,-1079866.0170015746,-86253.72057968017,1251964.5642462543
TUR,19324.375717779567,mid-high,-1227.6271174733306,-1.4004986580862604,87656429.40000004,-17248189.283230137,-298031.3193092047,5787374.737396409,-12467761.176615668,-16913.29735723441,73715733.32672928,-93046761.28748725,-1141233.54917038,8153174.374791874
TUV,4189.684163037611,low,-0.003276761095048124,-1.3959368451243306,234.73562622070312,31.821908463927933,155274.29907929664,20.493995885099363,-63.83566460074184,-33598.671532144734,189.99460898228844,-295.6623533679985,-1219489.2621507833,24.244768899936524
TWN,39235.250044276865,high,94.7058509464335,0.40463747831161107,23405111.000000004,-2327923.254620118,-280952.92310922523,828581.2544171673,5213465.27999574,28686.517080868685,18173922.14362841,6585043.069267727,149597.0609835449,4401853.2356007015
TZA,1909.1873655055408,low,-1389.193032123593,-1.9221120485143,72274300.19999991,40946784.92477029,355710.2665064785,11511274.42199494,-78277838.10058972,-133819.0798838703,58495274.49188869,-101588250.03653987,-4479794.634567319,2267698.819331073
UGA,1748.6470134912354,low,-1684.137827490013,-3.2205865016010966,52292892.20000001,26753955.147308934,310258.75460410333,8623110.468372615,-116675704.5871197,-272927.51116106973,42749704.52438665,-78492033.30919054,-8531065.018416218,920073.087472055
UKR,9780.887104753365,mid-low,-1621.8531003521068,-4.4439432189296415,36495810.60000003,-5977347.976334394,-403639.70886007044,1480862.225675264,-12679359.139431719,-45770.6508843907,27701941.95284166,-143528602.91944456,-1962746.6490859876,7312640.3240215955
UMI,,,0.0,,0.0,0.0,,0.0,0.0,,0.0,0.0,,0.0
URY,16019.501156141014,mid-high,6.254771833337758,0.18348839426097058,3408810.6,68767.5263203311,39992.821775287506,171949.67313565296,-10294.769699807362,-383.6128344558022,2683635.367521435,567004.4267132522,102597.21316505435,552650.9046606148
USA,47984.80092818389,high,-5676.185771758683,-1.6522128038795463,343550525.60000026,-19785207.678757407,-107796.49833570445,18354221.133548763,-22079801.95969109,-8429.199491328623,261944233.04852682,-525753567.5374198,-831312.7505910592,63243775.24146137
UZB,5442.074217736166,mid-low,-1201.5598521720754,-3.2873936246587667,36550531.800000004,-41385539.58226398,-1040494.4390276659,3977487.8202077127,-24824615.089661594,-81358.29032040537,30512704.96454295,-53945830.545281954,-2618298.7433625604,2060339.0152493373
VAT,45053.949838707675,high,0.07472382124679783,1.579038240391616,4732.236328125,-1744.1184357259026,-422145.2540042354,413.1559976529794,3860.860567356867,100798.81404983062,3830.263881327237,5355.639993048817,1095735.9488688263,488.7710400099282
VCT,10270.432001678855,mid-low,-4.130113888321528,-4.0604846967418,101714.8,-12493.204880190293,-190702.57574465935,6551.146376186357,-92700.59337713728,-111036.65725711513,83486.47704917927,-307817.5905748253,-2636512.1357581196,11675.182010353745
VEN,8240.732131830591,mid-low,-501.07268416525164,-1.6683139876334656,30034675.000000004,-3902474.524669058,-169157.01470534643,2307013.121192021,-15780415.670017138,-63150.23402101753,24988689.138927232,-30424378.22183897,-1110795.6271289967,2738971.7315033856
VGB,29801.76135461357,high,-0.31508932990159844,-5.092896579302332,6186.83935546875,-5083.450492482371,-941113.7580871582,540.1526062922123,-634.8073070905544,-12676.834125144807,5007.61705031226,-25790.675190586917,-4036034.1464771945,639.0103317906269
VIR,27118.841564648454,high,-9.179602369072546,-9.382661938750994,97835.8,-47397.37902155581,-852619.0813849956,5559.033342833877,-7814.683116048287,-10944.321108799355,71404.00065350052,-862748.1747696504,-4133367.731991936,20872.76600366448
VNM,6567.256690950414,mid-low,-662.3682183531795,-0.6598196004839901,100386259.79999986,15807145.468263313,231440.15320517417,6829906.241139631,-10059988.922869636,-12081.677317309344,83266492.38062957,-71983978.38071162,-699595.357747303,10289373.361838765
VUT,2429.48789985472,low,7.490538505683662,2.137032570053016,350511.1999999998,95676.2455581655,209701.47171107956,45624.9757226241,296135.7180602845,101602.5134691556,291464.9529316862,357241.88694991625,2661758.9179786253,13421.27134568635
WLF,7121.455205173518,mid-low,0.13254488653717733,2.593363555061453,5110.92578125,890.6416393981431,199597.8158697778,446.2181289494762,2848.6212101016736,68860.92611387666,4136.774468282423,9515.225804217915,1802521.626154581,527.8841410916812
WSM,4413.434629657781,mid-low,3.61734358629407,1.579346013891892,229040.59999999983,65964.81737289485,236796.49194373804,27857.176781389076,112907.64395936305,60011.2703866234,188144.06565959036,182861.89729714912,1402384.2545116646,13039.357559018295
YEM,1080.4845989212706,low,295.0996998073981,0.8083168415458635,36507924.20000002,-1515176.7150590206,-31060.054974536833,4878216.462595346,29134768.05767009,95049.19659843149,30652303.333777864,1890378.638128744,193408.03367718018,977404.4036267899
ZAF,10407.621434754174,mid-low,-964.6475564187048,-1.5731368023494545,61320004.4,-13699640.006954936,-251296.01683681755,5451594.569384274,-21150121.683129974,-40521.32754019937,52195036.458635025,-61614993.951785564,-1677613.4376284145,3672776.610497863
ZMB,2268.242763996972,low,707.0188888036824,3.2335212488153036,21865292.799999993,37764352.32583035,1166653.4520747196,3236981.1496869153,25123480.89354342,137890.31330491207,18219902.683075886,7814055.66099448,1913301.505302503,408406.9154463471
ZWE,2430.9535094989174,low,878.0656836429166,5.087732446888635,17258487.8,31919552.041261014,1383148.7460023204,2307745.4347204003,31496343.88981721,219008.0962968109,14381360.516979137,24390672.433213443,4283863.934961673,569361.511091777
